"YEAR","ICAO","NAME","STATE","FLIGHTS_NM","FLIGHTS_APT","DELAY_APT","FLIGHTS_AL","DELAY_AL"
2016,"EBAW","Antwerp","Belgium",7910,0,0,1125,404
2016,"EBBR","Brussels","Belgium",109057,110246,47249,88435,47386
2016,"EBCI","Charleroi","Belgium",24880,24475,4020,22373,4624
2016,"EBLG","Liège","Belgium",16362,0,0,1726,1918
2016,"EBOS","Ostend-Bruges","Belgium",3337,0,0,1563,833
2016,"EDDB","Berlin/ Schoenefeld","Germany",47392,0,0,33815,10958
2016,"EDDC","Dresden","Germany",11360,0,0,8456,146
2016,"EDDE","Erfurt","Germany",2521,0,0,811,61
2016,"EDDF","Frankfurt","Germany",231422,231331,119624,182444,147252
2016,"EDDG","Muenster-Osnabrueck","Germany",8402,0,0,4078,270
2016,"EDDH","Hamburg","Germany",76116,75638,24134,56872,18479
2016,"EDDK","Cologne-Bonn","Germany",66990,0,0,41326,9332
2016,"EDDL","Dusseldorf","Germany",108488,0,0,74195,45668
2016,"EDDM","Munich","Germany",195885,195123,8218,154739,31142
2016,"EDDN","Nuremberg","Germany",24763,25270,1109,16177,1839
2016,"EDDP","Leipzig-Halle","Germany",30813,31349,4324,15082,4681
2016,"EDDR","Saarbruecken","Germany",4678,0,0,2841,164
2016,"EDDS","Stuttgart","Germany",59534,0,0,43831,12944
2016,"EDDT","Berlin/ Tegel","Germany",91931,0,0,83193,23779
2016,"EDDV","Hanover","Germany",30914,31649,4310,21621,4044
2016,"EDDW","Bremen","Germany",16324,18036,691,11835,737
2016,"EETN","Tallinn","Estonia",18575,20346,780,11110,834
2016,"EETU","Tartu","Estonia",732,0,0,323,0
2016,"EFHK","Helsinki/ Vantaa","Finland",84285,85297,15532,65163,11858
2016,"EGAA","Belfast/Aldergrove","United Kingdom",22772,0,0,16870,3771
2016,"EGAC","Belfast/City Airport","United Kingdom",21232,0,0,19632,1713
2016,"EGAE","Londonderry/Eglinton","United Kingdom",1072,0,0,926,83
2016,"EGBB","Birmingham","United Kingdom",55328,53539,12306,38966,13220
2016,"EGCC","Manchester","United Kingdom",96071,96093,65321,62789,39420
2016,"EGGD","Bristol","United Kingdom",32317,0,0,26697,4900
2016,"EGGW","London/ Luton","United Kingdom",65452,0,0,45163,38773
2016,"EGHI","Southampton","United Kingdom",20774,0,0,14736,3605
2016,"EGKB","Biggin Hill","United Kingdom",6677,0,0,5,0
2016,"EGKK","London/ Gatwick","United Kingdom",140031,139634,168364,109488,138115
2016,"EGLC","London/ City","United Kingdom",42504,0,0,29246,26068
2016,"EGLF","Farnborough","United Kingdom",11944,0,0,25,0
2016,"EGLL","London/ Heathrow","United Kingdom",237524,0,0,180485,105310
2016,"EGNX","East Midlands","United Kingdom",32589,0,0,16089,2878
2016,"EGPD","Aberdeen","United Kingdom",30900,0,0,15813,1081
2016,"EGPF","Glasgow","United Kingdom",46290,0,0,28333,6706
2016,"EGPH","Edinburgh","United Kingdom",60611,60639,14269,46106,13523
2016,"EGSS","London/ Stansted","United Kingdom",89487,89793,88894,73253,91300
2016,"EHAM","Amsterdam/ Schiphol","Netherlands",245264,0,0,186945,363868
2016,"EHBK","Maastricht-Aachen","Netherlands",4181,0,0,568,60
2016,"EHGG","Groningen","Netherlands",4471,0,0,299,0
2016,"EHRD","Rotterdam","Netherlands",12862,0,0,2972,618
2016,"EICK","Cork","Ireland",11902,0,0,6529,478
2016,"EIDL","Donegal","Ireland",952,0,0,67,0
2016,"EIDW","Dublin","Ireland",107001,107539,70807,81389,66990
2016,"EIKN","Connaught","Ireland",3200,0,0,2987,179
2016,"EIKY","Kerry/Farranfore","Ireland",2044,0,0,924,91
2016,"EINN","Shannon","Ireland",10788,0,0,5405,903
2016,"EISG","Sligo","Ireland",23,0,0,0,0
2016,"EIWF","Waterford","Ireland",558,0,0,0,0
2016,"EIWT","Weston","Ireland",510,0,0,0,0
2016,"EKCH","Copenhagen/ Kastrup","Denmark",132849,132895,9787,107706,11905
2016,"ELLX","Luxembourg","Luxembourg",32762,32677,272,21300,741
2016,"ENBR","Bergen","Norway",43543,43630,533,33894,197
2016,"ENGM","Oslo/ Gardermoen","Norway",122580,122097,9815,114379,9981
2016,"ENHD","Haugesund","Norway",3485,3521,0,3207,63
2016,"ENVA","Trondheim","Norway",28720,28604,46,25345,75
2016,"ENZV","Stavanger","Norway",33825,33992,501,24289,450
2016,"EPBY","Bydgoszcz","Poland",1640,0,0,880,2
2016,"EPGD","Gdansk","Poland",18906,0,0,16828,520
2016,"EPKK","Krakow - Balice","Poland",22513,0,0,19284,6378
2016,"EPKT","Katowice - Pyrzowice","Poland",14099,0,0,8535,1418
2016,"EPLB","Lublin","Poland",1634,0,0,513,13
2016,"EPLL","Lodz - Lublinek","Poland",2347,0,0,547,155
2016,"EPMO","Warszawa/ Modlin","Poland",9501,0,0,8781,2191
2016,"EPPO","Poznan - Lawica","Poland",9198,0,0,6425,308
2016,"EPRA","Radom","Poland",673,0,0,18,0
2016,"EPRZ","Rzeszow - Jasionka","Poland",3976,0,0,3001,34
2016,"EPSC","Szczecin - Goleniów","Poland",2548,0,0,2086,30
2016,"EPSY","Olsztyn-Mazury","Poland",643,0,0,138,40
2016,"EPWA","Warszawa/ Chopina","Poland",76963,77898,35244,62599,37989
2016,"EPWR","Wroclaw/ Strachowice","Poland",12099,0,0,9519,1721
2016,"EPZG","Zielona Gora - Babimost","Poland",432,0,0,2,0
2016,"ESGG","Göteborg","Sweden",35281,0,0,28758,5969
2016,"ESSA","Stockholm/ Arlanda","Sweden",117256,116900,10644,92304,9677
2016,"ESSB","Stockholm/ Bromma","Sweden",26408,0,0,20785,1835
2016,"EVLA","Liepaja","Latvia",3,0,0,0,0
2016,"EVRA","Riga","Latvia",33858,34038,2799,27857,2430
2016,"EVVA","Ventspils","Latvia",6,0,0,0,0
2016,"EYKA","Kaunas","Lithuania",3559,0,0,2268,93
2016,"EYPA","Palanga","Lithuania",1783,0,0,1518,7
2016,"EYSA","Šiauliai","Lithuania",881,0,0,4,0
2016,"EYVI","Vilnius","Lithuania",20343,0,0,14848,752
2016,"GCFV","Fuerteventura","Spain",22229,21924,535,13597,2075
2016,"GCGM","La Gomera","Spain",715,0,0,639,0
2016,"GCHI","Hierro","Spain",1665,0,0,1471,49
2016,"GCLA","La Palma","Spain",7946,0,0,4945,120
2016,"GCLP","Gran Canaria","Spain",54813,53606,20404,33969,16701
2016,"GCRR","Lanzarote","Spain",26694,26415,1777,17310,3088
2016,"GCTS","Tenerife Sur/Reina Sofia","Spain",32200,31830,5103,19937,5949
2016,"GCXO","Tenerife North","Spain",26220,25196,4789,18466,5526
2016,"GEML","Melilla","Spain",4109,0,0,3640,5
2016,"LATI","Tirana","Albania",11159,0,0,4899,834
2016,"LBSF","Sofia","Bulgaria",25307,24890,871,14882,2056
2016,"LCLK","Larnaca","Cyprus",27158,0,0,10640,4785
2016,"LCPH","Paphos","Cyprus",7980,0,0,5280,2877
2016,"LDZA","Zagreb","Croatia",19798,0,0,6805,836
2016,"LDZL","Lucko","Croatia",268,0,0,0,0
2016,"LEAB","Albacete","Spain",418,0,0,0,0
2016,"LEAL","Alicante","Spain",43420,43056,13393,32605,15451
2016,"LEAM","Almeria","Spain",4969,0,0,3932,470
2016,"LEAS","Asturias","Spain",5647,0,0,4672,683
2016,"LEBA","Cordoba","Spain",104,0,0,0,0
2016,"LEBB","Bilbao","Spain",20739,20541,910,19035,2011
2016,"LEBG","Burgos","Spain",62,0,0,0,0
2016,"LEBL","Barcelona","Spain",153931,153140,112168,127075,135904
2016,"LEBZ","Badajoz","Spain",643,0,0,467,13
2016,"LECO","La Coruna","Spain",5306,0,0,4627,953
2016,"LECU","Madrid/Cuatro Viento","Spain",1023,0,0,0,0
2016,"LEDA","Lleida/Alguaire","Spain",218,0,0,142,45
2016,"LEGE","Gerona","Spain",6632,0,0,4388,279
2016,"LEGR","Granada","Spain",4145,0,0,3444,184
2016,"LEGT","Madrid/Getafe","Spain",1197,0,0,0,0
2016,"LEIB","Ibiza","Spain",34676,34262,946,24398,3440
2016,"LEIZ","Abad","Spain",128,0,0,0,0
2016,"LEJR","Jerez De La Frontera","Spain",7151,0,0,3023,294
2016,"LELC","Murcia San Javier","Spain",4107,0,0,3232,537
2016,"LELL","Sabadell","Spain",1059,0,0,0,0
2016,"LELN","Leon","Spain",518,0,0,352,0
2016,"LEMD","Madrid/ Barajas","Spain",189062,187104,90207,144807,114780
2016,"LEMG","Málaga","Spain",61043,60184,20748,44522,23075
2016,"LEMH","Mahon","Spain",15512,0,0,11796,1238
2016,"LEMO","Seville/Moron","Spain",2868,0,0,0,0
2016,"LEPA","Palma de Mallorca","Spain",98722,98027,28990,74125,43412
2016,"LEPP","Noain Pamplona","Spain",1706,0,0,1317,154
2016,"LERE","Valencia/Requena","Spain",51,0,0,0,0
2016,"LERJ","Logrono","Spain",338,0,0,267,0
2016,"LERS","Reus","Spain",3457,0,0,1622,239
2016,"LERT","Rota","Spain",2666,0,0,0,0
2016,"LESA","Salamanca Matalan","Spain",1367,0,0,57,2
2016,"LESB","Son Bonet","Spain",230,0,0,0,0
2016,"LESJ","Palma de Mallorca","Spain",149,0,0,0,0
2016,"LESO","San Sebastian","Spain",2640,0,0,2176,215
2016,"LEST","Santiago","Spain",9960,0,0,7904,2165
2016,"LETO","Madrid/Torrejon","Spain",885,0,0,0,0
2016,"LEVC","Valencia","Spain",27651,27443,766,21535,3095
2016,"LEVD","Valladolid","Spain",1454,0,0,698,157
2016,"LEVT","Vitoria","Spain",3209,0,0,1827,583
2016,"LEVX","Vigo","Spain",4747,0,0,4120,577
2016,"LEXJ","Santander","Spain",3999,0,0,3600,395
2016,"LEZG","Zaragoza","Spain",3811,0,0,1640,292
2016,"LEZL","Sevilla","Spain",19459,0,0,14398,3079
2016,"LFAQ","Albert-Bray","France",587,0,0,0,0
2016,"LFBA","Agen-La Garenne","France",2151,0,0,676,5
2016,"LFBD","Bordeaux-Mérignac","France",32250,0,0,23404,1823
2016,"LFBE","Bergerac-Roumanière","France",2141,0,0,1160,168
2016,"LFBH","La Rochelle-Ile de Ré","France",2562,0,0,1320,187
2016,"LFBI","Poitiers-Biard","France",2571,0,0,963,26
2016,"LFBL","Limoges-Bellegarde","France",3258,0,0,894,345
2016,"LFBO","Toulouse-Blagnac","France",45699,0,0,34248,10720
2016,"LFBP","Pau-Pyrénées","France",5482,0,0,3304,33
2016,"LFBT","Tarbes-Lourdes Pyrénées","France",3392,0,0,1230,50
2016,"LFBZ","Biarritz-Bayonne-Anglet","France",7063,0,0,5109,901
2016,"LFCR","Rodez-Marcillac","France",1794,0,0,123,0
2016,"LFGJ","Dôle-Tavaux","France",1313,0,0,296,114
2016,"LFJL","Metz-Nancy-Lorraine","France",2925,0,0,1168,72
2016,"LFJR","Angers-Marcé","France",1059,0,0,46,25
2016,"LFKB","Bastia-Poretta","France",8093,0,0,2243,292
2016,"LFKC","Calvi-Sainte-Catherine","France",3120,0,0,758,718
2016,"LFKF","Figari-Sud Corse","France",5229,0,0,1322,755
2016,"LFKJ","Ajaccio-Napoléon-Bonaparte","France",8445,0,0,2401,193
2016,"LFLB","Chambéry-Aix-les-Bains","France",3256,0,0,391,659
2016,"LFLC","Clermont-Ferrand-Auvergne","France",6562,0,0,2725,267
2016,"LFLI","Annemasse","France",906,0,0,0,0
2016,"LFLL","Lyon-Saint-Exupéry","France",55346,0,0,42732,7917
2016,"LFLP","Annecy-Meythet","France",1645,0,0,0,0
2016,"LFLS","Grenoble-Isère","France",3170,0,0,508,185
2016,"LFLX","Châteauroux-Déols","France",1164,0,0,17,0
2016,"LFLY","Lyon-Bron","France",4730,0,0,0,0
2016,"LFMD","Cannes-Mandelieu","France",6862,0,0,13,0
2016,"LFMH","Saint-Etienne-Bouthéon","France",1610,0,0,340,30
2016,"LFMI","Istres-Le Tubé","France",1905,0,0,0,0
2016,"LFMK","Carcassonne-Salvaza","France",2531,0,0,1162,115
2016,"LFML","Marseille-Provence","France",48251,0,0,29758,10310
2016,"LFMN","Nice-Côte d’Azur","France",69787,0,0,43848,20780
2016,"LFMP","Perpignan-Rivesaltes","France",4242,0,0,1626,142
2016,"LFMT","Montpellier-Méditerranée","France",14124,0,0,6157,886
2016,"LFMU","Béziers-Vias","France",2786,0,0,756,189
2016,"LFMV","Avignon-Caumont","France",2879,0,0,66,5
2016,"LFOB","Beauvais-Tillé","France",12861,0,0,11990,3668
2016,"LFOH","Le Havre-Octeville","France",474,0,0,23,5
2016,"LFOK","Châlons-Vatry","France",1905,0,0,267,118
2016,"LFOT","Tours-Val de Loire","France",1659,0,0,598,329
2016,"LFPB","Paris-Le Bourget","France",26364,0,0,19,0
2016,"LFPG","Paris-Charles-de-Gaulle","France",239719,239474,88207,185362,87523
2016,"LFPN","Toussus-le-Noble","France",4820,0,0,0,0
2016,"LFPO","Paris-Orly","France",118787,118717,76857,74896,51608
2016,"LFQQ","Lille-Lesquin","France",11998,0,0,8325,1111
2016,"LFRB","Brest-Bretagne","France",7730,0,0,4907,402
2016,"LFRD","Dinard-Pleurtuit-Saint-Malo","France",1723,0,0,341,66
2016,"LFRG","Deauville-Normandie","France",1859,0,0,409,72
2016,"LFRH","Lorient-Lann Bihoué","France",2979,0,0,871,38
2016,"LFRK","Caen-Carpiquet","France",2705,0,0,962,20
2016,"LFRM","Le Mans","France",730,0,0,0,0
2016,"LFRN","Rennes-Saint-Jacques","France",8777,0,0,4716,297
2016,"LFRO","Lannion","France",728,0,0,492,10
2016,"LFRQ","Quimper-Pluguffan","France",1275,0,0,679,17
2016,"LFRS","Nantes-Atlantique","France",26595,0,0,19917,5789
2016,"LFRZ","Saint-Nazaire-Montoir","France",1539,0,0,222,8
2016,"LFSB","Bâle-Mulhouse","France",38694,0,0,28085,5300
2016,"LFSL","Brive-Souillac","France",1635,0,0,71,24
2016,"LFST","Strasbourg-Entzheim","France",10817,0,0,7981,134
2016,"LFTH","Hyères-Le Palyvestre","France",5405,0,0,1938,109
2016,"LFTW","Nîmes-Garons","France",2192,0,0,662,92
2016,"LGAV","Athens","Greece",91115,91248,68502,56538,44883
2016,"LGIR","Heraklion","Greece",25381,0,0,13273,4383
2016,"LGKF","Kefallinia","Greece",2649,0,0,1019,398
2016,"LGKO","Kos","Greece",7725,0,0,3905,2073
2016,"LGKR","Corfu","Greece",11074,0,0,6328,5522
2016,"LGMK","Mikonos","Greece",6529,0,0,2903,854
2016,"LGPZ","Aktion","Greece",2329,0,0,780,74
2016,"LGRP","Rodos","Greece",18698,0,0,10693,2853
2016,"LGSA","Khania/Souda","Greece",13214,0,0,7767,1767
2016,"LGSK","Skiathos","Greece",2004,0,0,686,126
2016,"LGSR","Santorini","Greece",7438,0,0,4517,679
2016,"LGTS","Thessaloniki","Greece",26667,0,0,18079,6148
2016,"LGZA","Zakinthos","Greece",5480,0,0,2008,1194
2016,"LHBP","Budapest/ Ferihegy","Hungary",47894,46652,5227,37599,5731
2016,"LIBR","Brindisi","Italy",8926,0,0,7977,1526
2016,"LICC","Catania","Italy",30803,30604,75860,25559,31869
2016,"LIMC","Milan/ Malpensa","Italy",83395,82744,39884,59996,28744
2016,"LIME","Bergamo","Italy",39800,39974,29685,33545,23387
2016,"LIMF","Torino Caselle","Italy",21116,0,0,14162,5680
2016,"LIML","Milan/ Linate","Italy",58538,58759,22773,47924,27134
2016,"LIPE","Bologna","Italy",34584,0,0,25623,19491
2016,"LIPH","Treviso","Italy",8872,0,0,7832,9892
2016,"LIPZ","Venice","Italy",44982,45041,69518,32363,23935
2016,"LIRA","Rome/Ciampino","Italy",25239,0,0,16264,21207
2016,"LIRF","Rome/Fiumicino","Italy",156970,157063,369478,133484,290510
2016,"LIRN","Naples","Italy",31429,0,0,23815,13260
2016,"LIRP","Pisa San Giusto","Italy",21039,0,0,16095,34115
2016,"LJLJ","Ljubljana","Slovenia",13620,12955,213,3036,483
2016,"LJMB","Maribor","Slovenia",772,0,0,19,0
2016,"LJPZ","Portorož","Slovenia",720,0,0,0,0
2016,"LKKV","Karlovy Vary","Czech Republic",894,0,0,214,14
2016,"LKMT","Ostrava","Czech Republic",3182,0,0,1385,10
2016,"LKPR","Prague","Czech Republic",65974,65702,35145,46398,25959
2016,"LKTB","Brno-Turany","Czech Republic",4593,0,0,1507,71
2016,"LMML","Malta","Malta",22210,22473,3662,16662,5473
2016,"LOWG","Graz","Austria",9158,0,0,6713,1029
2016,"LOWI","Innsbruck","Austria",9417,0,0,4677,1348
2016,"LOWK","Klagenfurt","Austria",3387,0,0,1610,11
2016,"LOWL","Linz","Austria",6255,0,0,3460,157
2016,"LOWS","Salzburg","Austria",13856,0,0,8049,2459
2016,"LOWW","Vienna","Austria",120888,120586,140356,97473,60421
2016,"LPAZ","Santa Maria","Portugal",1391,0,0,7,0
2016,"LPCS","Cascais","Portugal",2152,0,0,0,0
2016,"LPFL","Flores","Portugal",747,0,0,0,0
2016,"LPFR","Faro","Portugal",26494,0,0,18287,5301
2016,"LPHR","Horta","Portugal",2244,0,0,0,0
2016,"LPMA","Madeira","Portugal",12209,0,0,7996,3048
2016,"LPPD","Ponta Delgada","Portugal",7969,0,0,1847,557
2016,"LPPR","Porto","Portugal",39350,0,0,32637,19187
2016,"LPPS","Porto Santo","Portugal",1672,0,0,302,70
2016,"LPPT","Lisbon","Portugal",91206,0,0,79104,96543
2016,"LQSA","Sarajevo","Bosnia & Herzegovina",5305,0,0,2665,310
2016,"LRBS","Bucharest/ Baneasa","Romania",1690,0,0,2,0
2016,"LROP","Bucharest/ Otopeni","Romania",53877,0,0,41848,13316
2016,"LSGG","Geneva","Switzerland",91555,91365,31755,64181,25047
2016,"LSGS","Sion","Switzerland",2716,0,0,1,0
2016,"LSZH","Zürich","Switzerland",131345,131278,147301,106869,140773
2016,"LTAC","Ankara/ Esenboga","Turkey",50169,0,0,35004,10126
2016,"LTAI","Antalya","Turkey",61584,0,0,18941,12964
2016,"LTBA","Istanbul/ Atatürk","Turkey",227479,0,0,176822,535709
2016,"LTBJ","Izmir/ Adnan Menderes","Turkey",39975,0,0,15064,5197
2016,"LTFJ","Istanbul/ Sabiha Gökçen","Turkey",112708,0,0,43704,183839
2016,"LUKK","Chi<U+0219>inau","Moldova",11128,0,0,3286,668
2016,"LWSK","Skopje","North Macedonia",7609,0,0,5661,290
2016,"LYBE","Belgrade/ Nikola Tesla","Serbia",31715,0,0,23652,3272
2016,"LYPG","Podgorica","Montenegro",5708,0,0,2487,204
2016,"LZIB","Bratislava","Slovakia",10455,0,0,5349,1562
2016,"UDYZ","Zvartnots","Armenia",9267,0,0,833,111
2016,"UGTB","Tbilisi","Georgia",11943,0,0,3020,3405
2016,"UKBB","Kiev/Boryspil","Ukraine",37169,0,0,7467,1624
2016,NA,"Albania","Albania",11159,0,0,4899,834
2016,NA,"Armenia","Armenia",9267,0,0,833,111
2016,NA,"Austria","Austria",162961,120586,140356,121982,65425
2016,NA,"Belgium","Belgium",161546,134721,51269,115222,55165
2016,NA,"Bosnia & Herzegovina","Bosnia & Herzegovina",5305,0,0,2665,310
2016,NA,"Bulgaria","Bulgaria",25307,24890,871,14882,2056
2016,NA,"Croatia","Croatia",20066,0,0,6805,836
2016,NA,"Cyprus","Cyprus",35138,0,0,15920,7662
2016,NA,"Czech Republic","Czech Republic",74643,65702,35145,49504,26054
2016,NA,"Denmark","Denmark",132849,132895,9787,107706,11905
2016,NA,"Estonia","Estonia",19307,20346,780,11433,834
2016,NA,"Finland","Finland",84285,85297,15532,65163,11858
2016,NA,"France","France",904860,358191,165064,564497,214652
2016,NA,"Georgia","Georgia",11943,0,0,3020,3405
2016,NA,"Germany","Germany",1007533,608396,162410,751316,311496
2016,NA,"Greece","Greece",220303,91248,68502,128496,70954
2016,NA,"Hungary","Hungary",47894,46652,5227,37599,5731
2016,NA,"Ireland","Ireland",136978,107539,70807,97301,68641
2016,NA,"Italy","Italy",565693,414185,607198,444639,530750
2016,NA,"Latvia","Latvia",33867,34038,2799,27857,2430
2016,NA,"Lithuania","Lithuania",26566,0,0,18638,852
2016,NA,"Luxembourg","Luxembourg",32762,32677,272,21300,741
2016,NA,"Malta","Malta",22210,22473,3662,16662,5473
2016,NA,"Moldova","Moldova",11128,0,0,3286,668
2016,NA,"Montenegro","Montenegro",5708,0,0,2487,204
2016,NA,"Netherlands","Netherlands",266778,0,0,190784,364546
2016,NA,"North Macedonia","North Macedonia",7609,0,0,5661,290
2016,NA,"Norway","Norway",232153,231844,10895,201114,10766
2016,NA,"Poland","Poland",177172,77898,35244,139156,50799
2016,NA,"Portugal","Portugal",185434,0,0,140180,124706
2016,NA,"Romania","Romania",55567,0,0,41850,13316
2016,NA,"Serbia","Serbia",31715,0,0,23652,3272
2016,NA,"SES","SES",6702600,4150464,2222824,4839066,2653719
2016,NA,"Slovakia","Slovakia",10455,0,0,5349,1562
2016,NA,"Slovenia","Slovenia",15112,12955,213,3055,483
2016,NA,"Spain","Spain",927670,782728,300736,681777,387235
2016,NA,"Sweden","Sweden",178945,116900,10644,141847,17481
2016,NA,"Switzerland","Switzerland",225616,222643,179056,171051,165820
2016,NA,"Turkey","Turkey",491915,0,0,289535,747835
2016,NA,"Ukraine","Ukraine",37169,0,0,7467,1624
2016,NA,"United Kingdom","United Kingdom",1013575,439698,349154,724622,490466
2017,"EBAW","Antwerp","Belgium",6968,0,0,966,62
2017,"EBBR","Brussels","Belgium",116354,117429,73681,90302,55985
2017,"EBCI","Charleroi","Belgium",25562,25378,2765,22540,3283
2017,"EBLG","Liège","Belgium",16251,0,0,1699,206
2017,"EBOS","Ostend-Bruges","Belgium",3236,0,0,1377,126
2017,"EDDB","Berlin/ Schoenefeld","Germany",49907,0,0,36683,12694
2017,"EDDC","Dresden","Germany",10744,0,0,7919,477
2017,"EDDE","Erfurt","Germany",2882,2812,0,1004,133
2017,"EDDF","Frankfurt","Germany",237747,237695,155133,185726,186377
2017,"EDDG","Muenster-Osnabrueck","Germany",9240,4920,113,4303,486
2017,"EDDH","Hamburg","Germany",77171,69641,33840,55431,31296
2017,"EDDK","Cologne-Bonn","Germany",69175,0,0,37533,11366
2017,"EDDL","Dusseldorf","Germany",110488,0,0,70679,56272
2017,"EDDM","Munich","Germany",200953,163958,10984,158421,26615
2017,"EDDN","Nuremberg","Germany",26550,16667,1271,17240,2693
2017,"EDDP","Leipzig-Halle","Germany",33022,33848,2637,8471,1502
2017,"EDDR","Saarbruecken","Germany",4417,4352,0,2806,206
2017,"EDDS","Stuttgart","Germany",59009,59739,6684,39218,8506
2017,"EDDT","Berlin/ Tegel","Germany",85890,0,0,73922,82182
2017,"EDDV","Hanover","Germany",31172,31757,4120,20468,3882
2017,"EDDW","Bremen","Germany",14973,16546,700,10754,1858
2017,"EETN","Tallinn","Estonia",20848,21668,488,10506,486
2017,"EETU","Tartu","Estonia",840,0,0,352,0
2017,"EFHK","Helsinki/ Vantaa","Finland",88305,90832,30836,78034,33155
2017,"EGAA","Belfast/Aldergrove","United Kingdom",24135,0,0,18340,4178
2017,"EGAC","Belfast/City Airport","United Kingdom",18787,0,0,17692,1740
2017,"EGAE","Londonderry/Eglinton","United Kingdom",1133,0,0,956,27
2017,"EGBB","Birmingham","United Kingdom",59579,59515,17838,41533,16354
2017,"EGCC","Manchester","United Kingdom",101814,101371,95463,69582,61558
2017,"EGGD","Bristol","United Kingdom",33743,33558,4908,27914,7992
2017,"EGGW","London/ Luton","United Kingdom",67544,46996,16384,47343,34379
2017,"EGHI","Southampton","United Kingdom",21703,0,0,15187,2864
2017,"EGKB","Biggin Hill","United Kingdom",7773,0,0,18,10
2017,"EGKK","London/ Gatwick","United Kingdom",142981,65217,66138,123109,130147
2017,"EGLC","London/ City","United Kingdom",40180,0,0,24734,15995
2017,"EGLF","Farnborough","United Kingdom",12897,0,0,47,182
2017,"EGLL","London/ Heathrow","United Kingdom",237957,0,0,187284,100421
2017,"EGNT","Newcastle","United Kingdom",23836,0,0,14653,1944
2017,"EGNX","East Midlands","United Kingdom",33713,0,0,14057,2346
2017,"EGPD","Aberdeen","United Kingdom",31324,0,0,16238,1380
2017,"EGPF","Glasgow","United Kingdom",47639,0,0,28391,6189
2017,"EGPH","Edinburgh","United Kingdom",63639,63712,20843,46684,19470
2017,"EGSS","London/ Stansted","United Kingdom",94080,94050,106576,73972,103202
2017,"EHAM","Amsterdam/ Schiphol","Netherlands",254159,0,0,192872,472752
2017,"EHBK","Maastricht-Aachen","Netherlands",4246,0,0,531,114
2017,"EHGG","Groningen","Netherlands",4736,0,0,768,48
2017,"EHRD","Rotterdam","Netherlands",11461,0,0,1196,420
2017,"EICK","Cork","Ireland",12639,2393,56,6591,468
2017,"EIDL","Donegal","Ireland",945,0,0,0,0
2017,"EIDW","Dublin","Ireland",111153,111188,42763,84511,44520
2017,"EIKN","Connaught","Ireland",3199,0,0,2960,220
2017,"EIKY","Kerry/Farranfore","Ireland",2065,0,0,875,67
2017,"EINN","Shannon","Ireland",10859,0,0,4996,583
2017,"EISG","Sligo","Ireland",15,0,0,0,0
2017,"EIWF","Waterford","Ireland",215,0,0,2,0
2017,"EIWT","Weston","Ireland",576,0,0,0,0
2017,"EKCH","Copenhagen/ Kastrup","Denmark",129611,129585,12098,106335,12976
2017,"ELLX","Luxembourg","Luxembourg",35299,35145,1411,24364,1877
2017,"ENAL","Alesund","Norway",7423,6256,41,6277,42
2017,"ENAN","Andenes","Norway",2247,1691,11,1691,11
2017,"ENAT","Alta","Norway",4853,3438,12,3436,12
2017,"ENBL","Forde Bringeland","Norway",2019,1929,4,1928,4
2017,"ENBN","Bronnoysund Bronnoy","Norway",3270,2208,0,2206,0
2017,"ENBO","Bodø","Norway",20541,17703,743,18253,754
2017,"ENBR","Bergen","Norway",41803,34163,256,34328,197
2017,"ENBS","Batsfjord","Norway",1135,966,0,966,0
2017,"ENBV","Berlevåg","Norway",795,725,0,723,0
2017,"ENCN","Kristiansand Kjevik","Norway",7696,6810,71,6824,76
2017,"ENDU","Bardufoss","Norway",1941,1163,38,1181,38
2017,"ENEV","Harstad/Narvik Evenes","Norway",5648,4544,20,4552,20
2017,"ENFG","Fagernes Leirin","Norway",24,0,0,12,14
2017,"ENFL","Florø","Norway",3894,2662,0,2661,0
2017,"ENGM","Oslo/ Gardermoen","Norway",125611,119937,18107,120193,19232
2017,"ENHD","Haugesund","Norway",3075,2806,0,2812,3
2017,"ENHF","Hammerfest","Norway",6415,4331,15,4318,15
2017,"ENHK","Hasvik","Norway",815,689,9,689,9
2017,"ENHV","Honningsvåg Valan","Norway",1025,919,0,918,0
2017,"ENKB","Kristiansund Kvernberget","Norway",4762,2799,0,2932,0
2017,"ENKR","Kirkenes Høybuktmoen","Norway",3893,2907,40,2915,40
2017,"ENLK","Leknes","Norway",3360,2935,10,2934,10
2017,"ENMH","Mehamn","Norway",1284,959,0,953,0
2017,"ENML","Molde Årø","Norway",3885,3553,4,3559,4
2017,"ENMS","Mosjøen Kjærstad","Norway",2142,1874,9,1873,9
2017,"ENNA","Lakselv Banak","Norway",1488,1198,0,1202,0
2017,"ENNK","Narvik Framnes","Norway",278,228,0,228,0
2017,"ENNM","Namsos Høknesøra","Norway",1168,1115,0,1115,0
2017,"ENOV","Orsta¿Volda Hovden","Norway",2206,2032,20,2032,20
2017,"ENRA","Mo i Rana Røssvoll","Norway",2968,2501,11,2500,11
2017,"ENRM","Rorvik Ryum","Norway",1199,1056,0,1149,0
2017,"ENRO","Roros","Norway",661,603,0,601,0
2017,"ENRS","Rost","Norway",620,576,0,576,0
2017,"ENSB","Svalbard Longyear","Norway",994,592,327,594,3
2017,"ENSD","Sandane  Anda","Norway",1278,1225,0,1223,0
2017,"ENSG","Sogndal Haukåsen","Norway",2623,2538,36,2537,36
2017,"ENSH","Svolvær Helle","Norway",2526,2453,0,2450,0
2017,"ENSK","Stokmarknes Skagen","Norway",3618,3052,11,3051,11
2017,"ENSR","Sorkjosen","Norway",928,800,0,799,0
2017,"ENSS","Vardø Svartnes","Norway",1150,982,0,982,0
2017,"ENST","Sandnessjøen Stokka","Norway",2367,1881,0,1879,0
2017,"ENTC","Tromsø","Norway",22223,18428,4623,18397,3965
2017,"ENVA","Trondheim","Norway",28312,26152,45,26218,46
2017,"ENVD","Vadsø","Norway",3304,2944,0,2939,0
2017,"ENVR","Værøy","Norway",594,0,0,1,0
2017,"ENZV","Stavanger","Norway",31872,23013,105,23265,134
2017,"EPBY","Bydgoszcz","Poland",1666,0,0,815,85
2017,"EPGD","Gdansk","Poland",20095,0,0,15220,963
2017,"EPKK","Krakow - Balice","Poland",24837,0,0,18648,8017
2017,"EPKT","Katowice - Pyrzowice","Poland",15870,0,0,8956,1472
2017,"EPLB","Lublin","Poland",2005,0,0,362,5
2017,"EPLL","Lodz - Lublinek","Poland",1979,0,0,531,11
2017,"EPMO","Warszawa/ Modlin","Poland",9376,0,0,8625,1975
2017,"EPPO","Poznan - Lawica","Poland",9704,0,0,5128,123
2017,"EPRA","Radom","Poland",574,0,0,0,0
2017,"EPRZ","Rzeszow - Jasionka","Poland",4091,0,0,1708,38
2017,"EPSC","Szczecin - Goleniów","Poland",2899,0,0,1468,12
2017,"EPSY","Olsztyn-Mazury","Poland",647,0,0,339,155
2017,"EPWA","Warszawa/ Chopina","Poland",85603,85554,40121,29008,10960
2017,"EPWR","Wroclaw/ Strachowice","Poland",13299,0,0,8632,1118
2017,"EPZG","Zielona Gora - Babimost","Poland",403,0,0,0,0
2017,"ESGG","Göteborg","Sweden",36308,35555,1983,29563,2095
2017,"ESSA","Stockholm/ Arlanda","Sweden",124421,123895,14545,99991,12044
2017,"ESSB","Stockholm/ Bromma","Sweden",26624,0,0,20179,1063
2017,"EVLA","Liepaja","Latvia",115,0,0,96,0
2017,"EVRA","Riga","Latvia",37226,37246,1801,30150,1947
2017,"EVVA","Ventspils","Latvia",6,0,0,0,0
2017,"EYKA","Kaunas","Lithuania",5621,0,0,3549,235
2017,"EYPA","Palanga","Lithuania",2042,0,0,1605,22
2017,"EYSA","Šiauliai","Lithuania",995,0,0,3,0
2017,"EYVI","Vilnius","Lithuania",19329,0,0,12560,837
2017,"GCFV","Fuerteventura","Spain",23540,19492,411,14221,4855
2017,"GCGM","La Gomera","Spain",746,0,0,576,0
2017,"GCHI","Hierro","Spain",1891,0,0,1392,133
2017,"GCLA","La Palma","Spain",8531,0,0,5009,211
2017,"GCLP","Gran Canaria","Spain",57961,57516,22138,37509,16332
2017,"GCRR","Lanzarote","Spain",28997,28958,3188,18268,3750
2017,"GCTS","Tenerife Sur/Reina Sofia","Spain",34252,34229,11039,23144,9238
2017,"GCXO","Tenerife North","Spain",29073,6839,1264,19084,5097
2017,"GEML","Melilla","Spain",3693,0,0,2818,44
2017,"GMAD","Al Massira","Morocco",6566,0,0,2088,311
2017,"GMFF","Saïss","Morocco",4455,0,0,2178,1554
2017,"GMME","Rabat-Salé","Morocco",5822,0,0,2145,1023
2017,"GMMN","Mohammed V International","Morocco",44009,0,0,5139,3240
2017,"GMMX","Menara","Morocco",17500,0,0,9841,11888
2017,"GMTT","Ibn Batouta","Morocco",5876,0,0,2157,856
2017,"LATI","Tirana","Albania",12275,0,0,4040,920
2017,"LBSF","Sofia","Bulgaria",28382,28024,2313,17511,4748
2017,"LCLK","Larnaca","Cyprus",31010,22454,11259,11583,5457
2017,"LCPH","Paphos","Cyprus",8495,0,0,5379,2371
2017,"LDZA","Zagreb","Croatia",20521,8674,671,6089,1549
2017,"LDZL","Lucko","Croatia",339,0,0,0,0
2017,"LEAB","Albacete","Spain",406,0,0,1,0
2017,"LEAL","Alicante","Spain",47557,47558,16373,35835,16425
2017,"LEAM","Almeria","Spain",5076,0,0,3478,431
2017,"LEAS","Asturias","Spain",6143,0,0,4884,662
2017,"LEBA","Cordoba","Spain",103,0,0,0,0
2017,"LEBB","Bilbao","Spain",21980,22055,1030,19522,2408
2017,"LEBG","Burgos","Spain",79,0,0,0,0
2017,"LEBL","Barcelona","Spain",161771,141505,111965,129328,161175
2017,"LEBZ","Badajoz","Spain",695,0,0,449,0
2017,"LECO","La Coruna","Spain",5625,0,0,4356,630
2017,"LECU","Madrid/Cuatro Viento","Spain",1319,0,0,0,0
2017,"LEDA","Lleida/Alguaire","Spain",252,0,0,138,0
2017,"LEGE","Gerona","Spain",7606,0,0,4667,824
2017,"LEGR","Granada","Spain",4523,0,0,3364,237
2017,"LEGT","Madrid/Getafe","Spain",736,0,0,0,0
2017,"LEIB","Ibiza","Spain",36664,30347,1863,24109,4328
2017,"LEIZ","Abad","Spain",139,0,0,0,0
2017,"LEJR","Jerez De La Frontera","Spain",7568,0,0,2828,190
2017,"LELC","Murcia San Javier","Spain",4318,0,0,3331,1391
2017,"LELL","Sabadell","Spain",1038,0,0,0,0
2017,"LELN","Leon","Spain",492,0,0,275,0
2017,"LEMD","Madrid/ Barajas","Spain",193818,179631,102065,141817,120547
2017,"LEMG","Málaga","Spain",67425,67250,33452,50683,28170
2017,"LEMH","Mahon","Spain",15017,0,0,10467,1214
2017,"LEMO","Seville/Moron","Spain",2364,0,0,0,0
2017,"LEPA","Palma de Mallorca","Spain",104339,100875,62032,75956,77369
2017,"LEPP","Noain Pamplona","Spain",1772,0,0,1165,16
2017,"LERE","Valencia/Requena","Spain",12,0,0,0,0
2017,"LERJ","Logrono","Spain",356,0,0,237,0
2017,"LERS","Reus","Spain",4022,0,0,1735,245
2017,"LERT","Rota","Spain",2909,0,0,0,0
2017,"LESA","Salamanca Matalan","Spain",1712,0,0,18,0
2017,"LESB","Son Bonet","Spain",221,0,0,0,0
2017,"LESJ","Palma de Mallorca","Spain",149,0,0,0,0
2017,"LESO","San Sebastian","Spain",2844,0,0,2064,188
2017,"LEST","Santiago","Spain",10112,0,0,7416,1512
2017,"LETO","Madrid/Torrejon","Spain",880,0,0,0,0
2017,"LEVC","Valencia","Spain",30575,27755,1361,22570,3619
2017,"LEVD","Valladolid","Spain",1333,0,0,652,85
2017,"LEVT","Vitoria","Spain",3744,0,0,638,123
2017,"LEVX","Vigo","Spain",5198,0,0,4366,415
2017,"LEXJ","Santander","Spain",4577,0,0,3824,209
2017,"LEZG","Zaragoza","Spain",3936,0,0,1831,302
2017,"LEZL","Sevilla","Spain",20742,3305,248,14607,3058
2017,"LFAQ","Albert-Bray","France",460,0,0,0,0
2017,"LFBA","Agen-La Garenne","France",2335,0,0,643,5
2017,"LFBD","Bordeaux-Mérignac","France",33185,0,0,24600,2423
2017,"LFBE","Bergerac-Roumanière","France",2255,0,0,1155,145
2017,"LFBH","La Rochelle-Ile de Ré","France",2399,0,0,1259,161
2017,"LFBI","Poitiers-Biard","France",2628,0,0,1203,70
2017,"LFBL","Limoges-Bellegarde","France",3417,0,0,1009,333
2017,"LFBO","Toulouse-Blagnac","France",49691,0,0,38153,14158
2017,"LFBP","Pau-Pyrénées","France",5874,0,0,3315,21
2017,"LFBT","Tarbes-Lourdes Pyrénées","France",3504,0,0,566,79
2017,"LFBZ","Biarritz-Bayonne-Anglet","France",7264,0,0,5413,2000
2017,"LFCR","Rodez-Marcillac","France",2012,0,0,93,0
2017,"LFGJ","Dôle-Tavaux","France",1324,0,0,311,12
2017,"LFJL","Metz-Nancy-Lorraine","France",3124,0,0,1220,99
2017,"LFJR","Angers-Marcé","France",918,0,0,1,0
2017,"LFKB","Bastia-Poretta","France",8096,0,0,2771,297
2017,"LFKC","Calvi-Sainte-Catherine","France",3140,0,0,804,842
2017,"LFKF","Figari-Sud Corse","France",5366,0,0,1841,731
2017,"LFKJ","Ajaccio-Napoléon-Bonaparte","France",8742,0,0,3014,102
2017,"LFLB","Chambéry-Aix-les-Bains","France",3440,0,0,394,884
2017,"LFLC","Clermont-Ferrand-Auvergne","France",6370,0,0,2759,886
2017,"LFLI","Annemasse","France",848,0,0,0,0
2017,"LFLL","Lyon-Saint-Exupéry","France",56185,0,0,42327,15503
2017,"LFLP","Annecy-Meythet","France",1538,0,0,0,0
2017,"LFLS","Grenoble-Isère","France",3498,0,0,687,348
2017,"LFLX","Châteauroux-Déols","France",1169,0,0,42,0
2017,"LFLY","Lyon-Bron","France",4586,0,0,1,0
2017,"LFMD","Cannes-Mandelieu","France",6954,0,0,13,0
2017,"LFMH","Saint-Etienne-Bouthéon","France",1202,0,0,251,20
2017,"LFMI","Istres-Le Tubé","France",1298,0,0,1,0
2017,"LFMK","Carcassonne-Salvaza","France",2718,0,0,1206,14
2017,"LFML","Marseille-Provence","France",48777,0,0,30360,9431
2017,"LFMN","Nice-Côte d’Azur","France",71337,70629,25546,44245,23118
2017,"LFMP","Perpignan-Rivesaltes","France",4438,0,0,1852,97
2017,"LFMT","Montpellier-Méditerranée","France",15297,0,0,7228,523
2017,"LFMU","Béziers-Vias","France",2892,0,0,724,57
2017,"LFMV","Avignon-Caumont","France",3171,0,0,78,21
2017,"LFOB","Beauvais-Tillé","France",11539,0,0,10478,3265
2017,"LFOH","Le Havre-Octeville","France",462,0,0,29,0
2017,"LFOK","Châlons-Vatry","France",2126,0,0,198,65
2017,"LFOT","Tours-Val de Loire","France",1586,0,0,543,113
2017,"LFPB","Paris-Le Bourget","France",26996,0,0,41,0
2017,"LFPG","Paris-Charles-de-Gaulle","France",241402,0,0,182874,98844
2017,"LFPN","Toussus-le-Noble","France",5004,0,0,0,0
2017,"LFPO","Paris-Orly","France",116001,116234,83042,73315,56548
2017,"LFQQ","Lille-Lesquin","France",12149,0,0,8832,597
2017,"LFRB","Brest-Bretagne","France",7882,0,0,5142,576
2017,"LFRD","Dinard-Pleurtuit-Saint-Malo","France",1711,0,0,380,6
2017,"LFRG","Deauville-Normandie","France",1975,0,0,573,63
2017,"LFRH","Lorient-Lann Bihoué","France",3024,0,0,983,13
2017,"LFRK","Caen-Carpiquet","France",2903,0,0,1188,55
2017,"LFRM","Le Mans","France",749,0,0,0,0
2017,"LFRN","Rennes-Saint-Jacques","France",9313,0,0,4976,49
2017,"LFRO","Lannion","France",628,0,0,334,0
2017,"LFRQ","Quimper-Pluguffan","France",1232,0,0,790,104
2017,"LFRS","Nantes-Atlantique","France",28827,0,0,22744,8203
2017,"LFRZ","Saint-Nazaire-Montoir","France",1454,0,0,358,0
2017,"LFSB","Bâle-Mulhouse","France",39426,26194,3095,28902,3796
2017,"LFSL","Brive-Souillac","France",1517,0,0,173,4
2017,"LFST","Strasbourg-Entzheim","France",11244,0,0,8339,219
2017,"LFTH","Hyères-Le Palyvestre","France",5583,0,0,2304,105
2017,"LFTW","Nîmes-Garons","France",2246,0,0,673,0
2017,"LGAV","Athens","Greece",94898,94784,63890,56561,49105
2017,"LGIR","Heraklion","Greece",26936,0,0,13583,6802
2017,"LGKF","Kefallinia","Greece",2838,0,0,1308,759
2017,"LGKO","Kos","Greece",8743,0,0,4336,1706
2017,"LGKR","Corfu","Greece",11122,0,0,6514,6540
2017,"LGMK","Mikonos","Greece",7044,0,0,3410,2113
2017,"LGPZ","Aktion","Greece",2663,0,0,929,287
2017,"LGRP","Rodos","Greece",18811,0,0,11018,5405
2017,"LGSA","Khania/Souda","Greece",12997,0,0,7959,3449
2017,"LGSK","Skiathos","Greece",2093,0,0,706,153
2017,"LGSR","Santorini","Greece",8410,0,0,4980,1218
2017,"LGTS","Thessaloniki","Greece",27516,0,0,16335,11746
2017,"LGZA","Zakinthos","Greece",6182,0,0,2298,2053
2017,"LHBP","Budapest/ Ferihegy","Hungary",51130,51101,12750,39868,11462
2017,"LIBR","Brindisi","Italy",8722,0,0,7741,1099
2017,"LICC","Catania","Italy",34370,33924,88300,28975,39532
2017,"LIMC","Milan/ Malpensa","Italy",89421,89360,51517,63060,36365
2017,"LIME","Bergamo","Italy",42907,42975,42278,34584,27177
2017,"LIMF","Torino Caselle","Italy",21939,19862,7865,13985,6252
2017,"LIML","Milan/ Linate","Italy",58040,53030,14305,46969,16940
2017,"LIPE","Bologna","Italy",35661,33547,23776,25706,17788
2017,"LIPH","Treviso","Italy",9850,0,0,8753,8243
2017,"LIPZ","Venice","Italy",46076,46067,81652,33727,29000
2017,"LIRA","Rome/Ciampino","Italy",26360,0,0,17033,26730
2017,"LIRF","Rome/Fiumicino","Italy",148712,148710,266922,124950,187168
2017,"LIRN","Naples","Italy",37053,20827,14566,28896,23106
2017,"LIRP","Pisa San Giusto","Italy",21587,0,0,16216,32045
2017,"LJLJ","Ljubljana","Slovenia",15111,14575,350,2385,358
2017,"LJMB","Maribor","Slovenia",1003,0,0,19,0
2017,"LJPZ","Portorož","Slovenia",776,0,0,0,0
2017,"LKKV","Karlovy Vary","Czech Republic",830,0,0,201,0
2017,"LKMT","Ostrava","Czech Republic",3321,0,0,1665,121
2017,"LKPR","Prague","Czech Republic",71953,71582,39329,53502,36138
2017,"LKTB","Brno-Turany","Czech Republic",5554,0,0,1880,458
2017,"LLBG","Ben Gurion International","Israel",68848,0,0,35247,28353
2017,"LMML","Malta","Malta",25410,26702,4661,18548,5148
2017,"LOWG","Graz","Austria",9504,0,0,6545,672
2017,"LOWI","Innsbruck","Austria",9658,0,0,4700,997
2017,"LOWK","Klagenfurt","Austria",3722,0,0,1688,18
2017,"LOWL","Linz","Austria",6015,0,0,2710,136
2017,"LOWS","Salzburg","Austria",14917,0,0,7661,3480
2017,"LOWW","Vienna","Austria",120044,120033,128983,90617,47568
2017,"LPAZ","Santa Maria","Portugal",1336,0,0,15,0
2017,"LPCS","Cascais","Portugal",2314,0,0,5,0
2017,"LPFL","Flores","Portugal",784,0,0,0,0
2017,"LPFR","Faro","Portugal",29597,0,0,20774,7930
2017,"LPHR","Horta","Portugal",2288,0,0,0,0
2017,"LPMA","Madeira","Portugal",12682,0,0,8492,3520
2017,"LPPD","Ponta Delgada","Portugal",9726,0,0,2284,469
2017,"LPPR","Porto","Portugal",43349,43371,25459,35255,19154
2017,"LPPS","Porto Santo","Portugal",1772,0,0,339,102
2017,"LPPT","Lisbon","Portugal",101640,101793,265036,87455,218527
2017,"LQSA","Sarajevo","Bosnia & Herzegovina",5927,0,0,2417,482
2017,"LRBS","Bucharest/ Baneasa","Romania",1951,0,0,6,0
2017,"LROP","Bucharest/ Otopeni","Romania",58160,8838,2669,42280,15034
2017,"LSGG","Geneva","Switzerland",91811,91706,31586,64525,25518
2017,"LSGS","Sion","Switzerland",2979,0,0,10,0
2017,"LSZH","Zürich","Switzerland",131822,131707,125506,104000,116156
2017,"LTAC","Ankara/ Esenboga","Turkey",56361,0,0,38311,29027
2017,"LTAI","Antalya","Turkey",76976,0,0,16177,24217
2017,"LTBA","Istanbul/ Atatürk","Turkey",225522,0,0,164608,541512
2017,"LTBJ","Izmir/ Adnan Menderes","Turkey",41422,0,0,12625,11271
2017,"LTFJ","Istanbul/ Sabiha Gökçen","Turkey",107036,0,0,33023,61631
2017,"LUKK","Chi<U+0219>inau","Moldova",13565,0,0,3478,1172
2017,"LWSK","Skopje","North Macedonia",8194,0,0,5460,342
2017,"LYBE","Belgrade/ Nikola Tesla","Serbia",32042,0,0,10335,2565
2017,"LYPG","Podgorica","Montenegro",6460,0,0,2128,481
2017,"LZIB","Bratislava","Slovakia",11084,0,0,5905,1231
2017,"UDYZ","Zvartnots","Armenia",10620,0,0,698,97
2017,"UGTB","Tbilisi","Georgia",16110,0,0,3505,4015
2017,"UKBB","Kiev/Boryspil","Ukraine",43784,0,0,7280,1031
2017,NA,"Albania","Albania",12275,0,0,4040,920
2017,NA,"Armenia","Armenia",10620,0,0,698,97
2017,NA,"Austria","Austria",163860,120033,128983,113921,52871
2017,NA,"Belgium","Belgium",168371,142807,76446,116884,59662
2017,NA,"Bosnia & Herzegovina","Bosnia & Herzegovina",5927,0,0,2417,482
2017,NA,"Bulgaria","Bulgaria",28382,28024,2313,17511,4748
2017,NA,"Croatia","Croatia",20860,8674,671,6089,1549
2017,NA,"Cyprus","Cyprus",39505,22454,11259,16962,7828
2017,NA,"Czech Republic","Czech Republic",81658,71582,39329,57248,36717
2017,NA,"Denmark","Denmark",129611,129585,12098,106335,12976
2017,NA,"Estonia","Estonia",21688,21668,488,10858,486
2017,NA,"Finland","Finland",88305,90832,30836,78034,33155
2017,NA,"France","France",918431,213057,111683,573708,245005
2017,NA,"Georgia","Georgia",16110,0,0,3505,4015
2017,NA,"Germany","Germany",1023340,641935,215482,730578,426545
2017,NA,"Greece","Greece",230253,94784,63890,129937,91336
2017,NA,"Hungary","Hungary",51130,51101,12750,39868,11462
2017,NA,"Ireland","Ireland",141666,113581,42819,99935,45858
2017,NA,"Israel","Israel",68848,0,0,35247,28353
2017,NA,"Italy","Italy",580698,488302,591181,450595,451445
2017,NA,"Latvia","Latvia",37347,37246,1801,30246,1947
2017,NA,"Lithuania","Lithuania",27987,0,0,17717,1094
2017,NA,"Luxembourg","Luxembourg",35299,35145,1411,24364,1877
2017,NA,"Malta","Malta",25410,26702,4661,18548,5148
2017,NA,"Moldova","Moldova",13565,0,0,3478,1172
2017,NA,"Montenegro","Montenegro",6460,0,0,2128,481
2017,NA,"Morocco","Morocco",84228,0,0,23548,18872
2017,NA,"Netherlands","Netherlands",274602,0,0,195367,473334
2017,NA,"North Macedonia","North Macedonia",8194,0,0,5460,342
2017,NA,"Norway","Norway",371933,321336,24568,322872,24716
2017,NA,"Poland","Poland",193048,85554,40121,99440,24934
2017,NA,"Portugal","Portugal",205488,145164,290495,154619,249702
2017,NA,"Romania","Romania",60111,8838,2669,42286,15034
2017,NA,"Serbia","Serbia",32042,0,0,10335,2565
2017,NA,"SES","SES",7094261,4490330,2574702,5021252,2938424
2017,NA,"Slovakia","Slovakia",11084,0,0,5905,1231
2017,NA,"Slovenia","Slovenia",16890,14575,350,2404,358
2017,NA,"Spain","Spain",980831,767315,368429,698632,465433
2017,NA,"Sweden","Sweden",187353,159450,16528,149733,15202
2017,NA,"Switzerland","Switzerland",226612,223413,157092,168535,141674
2017,NA,"Turkey","Turkey",507317,0,0,264744,667658
2017,NA,"Ukraine","Ukraine",43784,0,0,7280,1031
2017,NA,"United Kingdom","United Kingdom",1064457,464419,328150,767734,510378
2018,"EBAW","Antwerp","Belgium",7569,0,0,1013,241
2018,"EBBR","Brussels","Belgium",114961,116123,94971,87755,69609
2018,"EBCI","Charleroi","Belgium",26738,26631,4474,23298,4088
2018,"EBLG","Liège","Belgium",17280,0,0,1671,219
2018,"EBOS","Ostend-Bruges","Belgium",3313,0,0,1541,148
2018,"EDDB","Berlin/ Schoenefeld","Germany",50393,0,0,36800,9467
2018,"EDDC","Dresden","Germany",11061,0,0,8791,784
2018,"EDDE","Erfurt","Germany",2804,2865,0,965,481
2018,"EDDF","Frankfurt","Germany",256008,255984,149311,208270,181299
2018,"EDDG","Muenster-Osnabrueck","Germany",9655,5620,839,4457,469
2018,"EDDH","Hamburg","Germany",74601,74379,20694,61975,21385
2018,"EDDK","Cologne-Bonn","Germany",70721,0,0,42377,9160
2018,"EDDL","Dusseldorf","Germany",109163,0,0,87626,55919
2018,"EDDM","Munich","Germany",205274,205176,15895,168235,32642
2018,"EDDN","Nuremberg","Germany",27006,17571,1308,18553,2984
2018,"EDDP","Leipzig-Halle","Germany",37330,31988,3000,8721,810
2018,"EDDR","Saarbruecken","Germany",4541,4603,0,3053,201
2018,"EDDS","Stuttgart","Germany",64127,64726,13831,46989,14097
2018,"EDDT","Berlin/ Tegel","Germany",92600,0,0,81600,49755
2018,"EDDV","Hanover","Germany",32914,30840,10489,23280,6196
2018,"EDDW","Bremen","Germany",15471,16915,2467,11280,3101
2018,"EETN","Tallinn","Estonia",22553,23537,469,14817,906
2018,"EETU","Tartu","Estonia",713,0,0,315,0
2018,"EFHK","Helsinki/ Vantaa","Finland",96245,98670,37092,85614,37185
2018,"EGAA","Belfast/Aldergrove","United Kingdom",25448,0,0,19695,5396
2018,"EGAC","Belfast/City Airport","United Kingdom",18072,0,0,17297,1388
2018,"EGAE","Londonderry/Eglinton","United Kingdom",1363,0,0,1103,0
2018,"EGBB","Birmingham","United Kingdom",55093,54672,13558,41700,15392
2018,"EGCC","Manchester","United Kingdom",100634,55594,43605,77757,54462
2018,"EGGD","Bristol","United Kingdom",34969,23005,3868,30076,7960
2018,"EGGW","London/ Luton","United Kingdom",67866,58068,21253,50176,36467
2018,"EGHI","Southampton","United Kingdom",19315,0,0,13049,1964
2018,"EGKB","Biggin Hill","United Kingdom",8703,0,0,21,0
2018,"EGKK","London/ Gatwick","United Kingdom",141952,132227,124455,127361,130708
2018,"EGLC","London/ City","United Kingdom",40356,0,0,32355,25474
2018,"EGLF","Farnborough","United Kingdom",14788,0,0,56,0
2018,"EGLL","London/ Heathrow","United Kingdom",238881,0,0,191282,122464
2018,"EGNT","Newcastle","United Kingdom",22678,0,0,15230,1398
2018,"EGNX","East Midlands","United Kingdom",34521,0,0,14519,1921
2018,"EGPD","Aberdeen","United Kingdom",28221,28024,574,14050,429
2018,"EGPF","Glasgow","United Kingdom",45348,45565,5781,28995,5345
2018,"EGPH","Edinburgh","United Kingdom",64778,55162,18581,48267,20344
2018,"EGSS","London/ Stansted","United Kingdom",100058,100027,133001,78593,110469
2018,"EHAM","Amsterdam/ Schiphol","Netherlands",255694,0,0,197671,436269
2018,"EHBK","Maastricht-Aachen","Netherlands",4712,0,0,319,10
2018,"EHGG","Groningen","Netherlands",5620,0,0,808,43
2018,"EHRD","Rotterdam","Netherlands",12436,0,0,1928,1720
2018,"EICK","Cork","Ireland",12345,0,0,7050,1134
2018,"EIDL","Donegal","Ireland",937,0,0,0,0
2018,"EIDW","Dublin","Ireland",116180,116178,81450,89976,69685
2018,"EIKN","Connaught","Ireland",3294,0,0,3080,52
2018,"EIKY","Kerry/Farranfore","Ireland",2251,0,0,955,162
2018,"EINN","Shannon","Ireland",11166,0,0,5293,674
2018,"EISG","Sligo","Ireland",36,0,0,0,0
2018,"EIWF","Waterford","Ireland",194,0,0,0,0
2018,"EIWT","Weston","Ireland",580,0,0,0,0
2018,"EKCH","Copenhagen/ Kastrup","Denmark",133047,133026,18376,108306,16560
2018,"ELLX","Luxembourg","Luxembourg",37406,37302,3245,27025,4754
2018,"ENAL","Alesund","Norway",7270,6150,40,6087,49
2018,"ENAN","Andenes","Norway",2176,1674,0,1547,0
2018,"ENAT","Alta","Norway",4275,3070,15,2910,0
2018,"ENBL","Forde Bringeland","Norway",1994,1921,0,1771,0
2018,"ENBN","Bronnoysund Bronnoy","Norway",3576,1954,4,1809,0
2018,"ENBO","Bodø","Norway",19675,16938,908,16523,942
2018,"ENBR","Bergen","Norway",42684,34481,330,33587,350
2018,"ENBS","Batsfjord","Norway",1122,949,8,873,8
2018,"ENBV","Berlevåg","Norway",806,701,0,643,0
2018,"ENCN","Kristiansand Kjevik","Norway",7937,7174,86,6895,74
2018,"ENDU","Bardufoss","Norway",1835,1016,0,1045,0
2018,"ENEV","Harstad/Narvik Evenes","Norway",5000,4365,0,4207,0
2018,"ENFG","Fagernes Leirin","Norway",11,0,0,7,0
2018,"ENFL","Florø","Norway",3966,2679,0,2470,0
2018,"ENGM","Oslo/ Gardermoen","Norway",128771,127978,22723,122371,23454
2018,"ENHD","Haugesund","Norway",3062,2806,0,2761,14
2018,"ENHF","Hammerfest","Norway",5591,3750,18,3453,18
2018,"ENHK","Hasvik","Norway",877,710,0,655,0
2018,"ENHV","Honningsvåg Valan","Norway",998,850,2,779,2
2018,"ENKB","Kristiansund Kvernberget","Norway",4963,2682,44,2600,44
2018,"ENKR","Kirkenes Høybuktmoen","Norway",3775,2876,7,2730,7
2018,"ENLK","Leknes","Norway",3162,2697,0,2503,0
2018,"ENMH","Mehamn","Norway",1213,901,0,825,0
2018,"ENML","Molde Årø","Norway",3201,2912,0,2832,0
2018,"ENMS","Mosjøen Kjærstad","Norway",1915,1630,5,1508,5
2018,"ENNA","Lakselv Banak","Norway",1211,1016,0,946,0
2018,"ENNM","Namsos Høknesøra","Norway",1347,1298,0,1200,0
2018,"ENOV","Orsta¿Volda Hovden","Norway",2445,2247,14,2071,9
2018,"ENRA","Mo i Rana Røssvoll","Norway",2740,2279,0,2107,0
2018,"ENRM","Rorvik Ryum","Norway",1168,1124,0,1039,0
2018,"ENRO","Roros","Norway",612,522,2,522,2
2018,"ENRS","Rost","Norway",620,577,0,530,0
2018,"ENSB","Svalbard Longyear","Norway",1075,670,15,670,15
2018,"ENSD","Sandane  Anda","Norway",1138,1097,0,1009,0
2018,"ENSG","Sogndal Haukåsen","Norway",2537,2244,7,2260,7
2018,"ENSH","Svolvær Helle","Norway",2412,2357,0,2207,0
2018,"ENSK","Stokmarknes Skagen","Norway",3108,2638,0,2443,0
2018,"ENSR","Sorkjosen","Norway",871,704,0,703,0
2018,"ENSS","Vardø Svartnes","Norway",1110,963,0,888,0
2018,"ENST","Sandnessjøen Stokka","Norway",1932,1615,0,1490,0
2018,"ENTC","Tromsø","Norway",21127,17649,807,16872,600
2018,"ENVA","Trondheim","Norway",27325,25223,70,24685,57
2018,"ENVD","Vadsø","Norway",3255,2605,0,2591,0
2018,"ENVR","Værøy","Norway",607,0,0,1,0
2018,"ENZV","Stavanger","Norway",31707,22065,133,21844,136
2018,"EPBY","Bydgoszcz","Poland",2082,0,0,1102,10
2018,"EPGD","Gdansk","Poland",21548,0,0,17855,897
2018,"EPKK","Krakow - Balice","Poland",27458,0,0,22627,10515
2018,"EPKT","Katowice - Pyrzowice","Poland",18749,0,0,11218,1767
2018,"EPLB","Lublin","Poland",2139,0,0,532,0
2018,"EPLL","Lodz - Lublinek","Poland",1872,0,0,738,29
2018,"EPMO","Warszawa/ Modlin","Poland",9840,0,0,9135,2063
2018,"EPPO","Poznan - Lawica","Poland",12192,0,0,7808,1104
2018,"EPRA","Radom","Poland",309,0,0,0,0
2018,"EPRZ","Rzeszow - Jasionka","Poland",4636,0,0,3009,83
2018,"EPSC","Szczecin - Goleniów","Poland",3096,0,0,2179,5
2018,"EPSY","Olsztyn-Mazury","Poland",725,0,0,411,0
2018,"EPWA","Warszawa/ Chopina","Poland",93677,93764,32457,63052,27131
2018,"EPWR","Wroclaw/ Strachowice","Poland",15471,0,0,11862,1484
2018,"EPZG","Zielona Gora - Babimost","Poland",441,0,0,198,6
2018,"ESGG","Göteborg","Sweden",36239,35650,2287,28175,2450
2018,"ESSA","Stockholm/ Arlanda","Sweden",121875,120944,8332,102289,7977
2018,"ESSB","Stockholm/ Bromma","Sweden",27268,0,0,10924,677
2018,"EVLA","Liepaja","Latvia",181,0,0,154,0
2018,"EVRA","Riga","Latvia",41536,41555,1881,34464,1817
2018,"EVVA","Ventspils","Latvia",8,0,0,0,0
2018,"EYKA","Kaunas","Lithuania",4408,0,0,3149,112
2018,"EYPA","Palanga","Lithuania",2083,0,0,1832,79
2018,"EYSA","Šiauliai","Lithuania",1144,0,0,2,0
2018,"EYVI","Vilnius","Lithuania",23237,0,0,16211,696
2018,"GCFV","Fuerteventura","Spain",25296,18761,592,18334,3096
2018,"GCGM","La Gomera","Spain",837,0,0,770,15
2018,"GCHI","Hierro","Spain",2308,0,0,1943,206
2018,"GCLA","La Palma","Spain",10615,0,0,8345,298
2018,"GCLP","Gran Canaria","Spain",63985,63096,21349,48237,17141
2018,"GCRR","Lanzarote","Spain",29761,27305,2763,22481,4882
2018,"GCTS","Tenerife Sur/Reina Sofia","Spain",34010,33737,15442,25724,14119
2018,"GCXO","Tenerife North","Spain",35042,27030,7198,27633,8836
2018,"GEML","Melilla","Spain",3734,0,0,1079,39
2018,"GMAD","Al Massira","Morocco",8310,0,0,3104,592
2018,"GMFF","Saïss","Morocco",5361,0,0,2670,2518
2018,"GMME","Rabat-Salé","Morocco",6142,0,0,2249,1404
2018,"GMMN","Mohammed V International","Morocco",44432,0,0,4642,5295
2018,"GMMX","Menara","Morocco",20573,0,0,12111,15036
2018,"GMTT","Ibn Batouta","Morocco",5816,0,0,1801,1588
2018,"LATI","Tirana","Albania",12758,0,0,4346,1579
2018,"LBSF","Sofia","Bulgaria",29809,29431,4461,18815,4813
2018,"LCLK","Larnaca","Cyprus",31997,13748,4051,15275,5130
2018,"LCPH","Paphos","Cyprus",9339,0,0,6576,2069
2018,"LDZA","Zagreb","Croatia",21562,21423,2005,6795,1544
2018,"LDZL","Lucko","Croatia",206,0,0,0,0
2018,"LEAB","Albacete","Spain",327,0,0,1,0
2018,"LEAL","Alicante","Spain",48287,48032,17117,36295,16069
2018,"LEAM","Almeria","Spain",4911,0,0,1734,529
2018,"LEAS","Asturias","Spain",5812,0,0,4716,965
2018,"LEBA","Cordoba","Spain",107,0,0,0,0
2018,"LEBB","Bilbao","Spain",23576,23322,1284,20685,2889
2018,"LEBG","Burgos","Spain",148,0,0,0,0
2018,"LEBL","Barcelona","Spain",167833,132323,199133,141909,245477
2018,"LEBZ","Badajoz","Spain",800,0,0,13,0
2018,"LECO","La Coruna","Spain",5747,0,0,4714,1639
2018,"LECU","Madrid/Cuatro Viento","Spain",1157,0,0,0,0
2018,"LEDA","Lleida/Alguaire","Spain",562,0,0,33,20
2018,"LEGE","Gerona","Spain",7852,0,0,4794,475
2018,"LEGR","Granada","Spain",5367,0,0,3183,543
2018,"LEGT","Madrid/Getafe","Spain",756,0,0,0,0
2018,"LEIB","Ibiza","Spain",37506,18059,1068,22816,4487
2018,"LEIZ","Abad","Spain",147,0,0,0,0
2018,"LEJR","Jerez De La Frontera","Spain",7534,0,0,3583,322
2018,"LELC","Murcia San Javier","Spain",4466,0,0,3488,766
2018,"LELL","Sabadell","Spain",841,0,0,0,0
2018,"LELN","Leon","Spain",583,0,0,10,0
2018,"LEMD","Madrid/ Barajas","Spain",204937,201990,146396,134111,105362
2018,"LEMG","Málaga","Spain",68794,67953,33857,51890,31998
2018,"LEMH","Mahon","Spain",15525,0,0,9186,840
2018,"LEMO","Seville/Moron","Spain",1984,0,0,0,0
2018,"LEPA","Palma de Mallorca","Spain",110098,102302,47139,81285,57163
2018,"LEPP","Noain Pamplona","Spain",1938,0,0,213,0
2018,"LERE","Valencia/Requena","Spain",6,0,0,0,0
2018,"LERJ","Logrono","Spain",348,0,0,4,0
2018,"LERS","Reus","Spain",4161,0,0,2094,625
2018,"LERT","Rota","Spain",2112,0,0,0,0
2018,"LESA","Salamanca Matalan","Spain",1672,0,0,19,0
2018,"LESB","Son Bonet","Spain",236,0,0,0,0
2018,"LESJ","Palma de Mallorca","Spain",172,0,0,0,0
2018,"LESO","San Sebastian","Spain",2699,0,0,522,142
2018,"LEST","Santiago","Spain",10375,0,0,6933,1503
2018,"LETO","Madrid/Torrejon","Spain",897,0,0,0,0
2018,"LEVC","Valencia","Spain",34451,29435,506,22266,5485
2018,"LEVD","Valladolid","Spain",1519,0,0,700,81
2018,"LEVT","Vitoria","Spain",4333,0,0,391,4
2018,"LEVX","Vigo","Spain",5296,0,0,4280,389
2018,"LEXJ","Santander","Spain",4631,0,0,3466,280
2018,"LEZG","Zaragoza","Spain",4663,0,0,2038,271
2018,"LEZL","Sevilla","Spain",25247,4247,363,17662,5556
2018,"LFAQ","Albert-Bray","France",511,0,0,0,0
2018,"LFBA","Agen-La Garenne","France",2154,0,0,471,0
2018,"LFBD","Bordeaux-Mérignac","France",34776,0,0,25827,4063
2018,"LFBE","Bergerac-Roumanière","France",2063,0,0,1032,109
2018,"LFBH","La Rochelle-Ile de Ré","France",2511,0,0,1412,154
2018,"LFBI","Poitiers-Biard","France",2451,0,0,1199,137
2018,"LFBL","Limoges-Bellegarde","France",3118,0,0,903,428
2018,"LFBO","Toulouse-Blagnac","France",48798,0,0,36227,13835
2018,"LFBP","Pau-Pyrénées","France",5923,0,0,3092,0
2018,"LFBT","Tarbes-Lourdes Pyrénées","France",3572,0,0,555,31
2018,"LFBZ","Biarritz-Bayonne-Anglet","France",6915,0,0,5104,1808
2018,"LFCR","Rodez-Marcillac","France",1848,0,0,89,0
2018,"LFGJ","Dôle-Tavaux","France",1328,0,0,309,141
2018,"LFJL","Metz-Nancy-Lorraine","France",3282,0,0,1284,26
2018,"LFJR","Angers-Marcé","France",837,0,0,0,0
2018,"LFKB","Bastia-Poretta","France",8510,0,0,3075,277
2018,"LFKC","Calvi-Sainte-Catherine","France",3085,0,0,842,773
2018,"LFKF","Figari-Sud Corse","France",5386,0,0,1843,484
2018,"LFKJ","Ajaccio-Napoléon-Bonaparte","France",9008,0,0,3177,596
2018,"LFLB","Chambéry-Aix-les-Bains","France",3452,0,0,454,619
2018,"LFLC","Clermont-Ferrand-Auvergne","France",6027,0,0,2887,731
2018,"LFLI","Annemasse","France",824,0,0,0,0
2018,"LFLL","Lyon-Saint-Exupéry","France",56748,0,0,40735,16832
2018,"LFLP","Annecy-Meythet","France",1486,0,0,0,0
2018,"LFLS","Grenoble-Isère","France",3654,0,0,764,325
2018,"LFLX","Châteauroux-Déols","France",1325,0,0,40,0
2018,"LFLY","Lyon-Bron","France",4997,0,0,3,35
2018,"LFMD","Cannes-Mandelieu","France",6903,0,0,17,0
2018,"LFMH","Saint-Etienne-Bouthéon","France",893,0,0,2,0
2018,"LFMI","Istres-Le Tubé","France",1097,0,0,0,0
2018,"LFMK","Carcassonne-Salvaza","France",2759,0,0,1163,10
2018,"LFML","Marseille-Provence","France",48909,0,0,30298,9795
2018,"LFMN","Nice-Côte d’Azur","France",71822,71858,24249,44842,21981
2018,"LFMP","Perpignan-Rivesaltes","France",5113,0,0,2049,48
2018,"LFMT","Montpellier-Méditerranée","France",14711,0,0,6979,992
2018,"LFMU","Béziers-Vias","France",3238,0,0,726,125
2018,"LFMV","Avignon-Caumont","France",3011,0,0,49,0
2018,"LFOB","Beauvais-Tillé","France",11883,0,0,10771,4375
2018,"LFOH","Le Havre-Octeville","France",401,0,0,18,0
2018,"LFOK","Châlons-Vatry","France",1684,0,0,205,135
2018,"LFOT","Tours-Val de Loire","France",1498,0,0,520,62
2018,"LFPB","Paris-Le Bourget","France",28335,0,0,56,0
2018,"LFPG","Paris-Charles-de-Gaulle","France",244144,0,0,187068,115211
2018,"LFPN","Toussus-le-Noble","France",4984,0,0,0,0
2018,"LFPO","Paris-Orly","France",116114,79682,41971,71780,43676
2018,"LFQQ","Lille-Lesquin","France",12522,0,0,9293,836
2018,"LFRB","Brest-Bretagne","France",8146,0,0,5357,602
2018,"LFRD","Dinard-Pleurtuit-Saint-Malo","France",1482,0,0,328,71
2018,"LFRG","Deauville-Normandie","France",1791,0,0,529,75
2018,"LFRH","Lorient-Lann Bihoué","France",3021,0,0,763,54
2018,"LFRK","Caen-Carpiquet","France",3533,0,0,1675,19
2018,"LFRM","Le Mans","France",706,0,0,2,0
2018,"LFRN","Rennes-Saint-Jacques","France",9162,0,0,4968,395
2018,"LFRO","Lannion","France",320,0,0,0,0
2018,"LFRQ","Quimper-Pluguffan","France",1292,0,0,847,213
2018,"LFRS","Nantes-Atlantique","France",30489,0,0,23360,9150
2018,"LFRZ","Saint-Nazaire-Montoir","France",1319,0,0,355,0
2018,"LFSB","Bâle-Mulhouse","France",40940,38445,3492,30919,5010
2018,"LFSL","Brive-Souillac","France",1512,0,0,72,0
2018,"LFST","Strasbourg-Entzheim","France",11027,0,0,7294,490
2018,"LFTH","Hyères-Le Palyvestre","France",6039,0,0,2839,849
2018,"LFTW","Nîmes-Garons","France",2279,0,0,719,20
2018,"LGAV","Athens","Greece",105621,62586,78443,62930,65859
2018,"LGIR","Heraklion","Greece",29768,0,0,16439,8126
2018,"LGKF","Kefallinia","Greece",3533,0,0,1792,2312
2018,"LGKO","Kos","Greece",10262,0,0,5883,3469
2018,"LGKR","Corfu","Greece",13068,0,0,8724,8382
2018,"LGMK","Mikonos","Greece",8256,0,0,4094,1800
2018,"LGPZ","Aktion","Greece",2744,0,0,1206,157
2018,"LGRP","Rodos","Greece",19616,0,0,12643,4903
2018,"LGSA","Khania/Souda","Greece",12627,0,0,7647,6380
2018,"LGSK","Skiathos","Greece",2068,0,0,1081,188
2018,"LGSR","Santorini","Greece",10085,0,0,6071,648
2018,"LGTS","Thessaloniki","Greece",27909,0,0,17463,9588
2018,"LGZA","Zakinthos","Greece",6572,0,0,3463,1364
2018,"LHBP","Budapest/ Ferihegy","Hungary",57264,57197,11644,46030,10250
2018,"LIBR","Brindisi","Italy",9294,0,0,8145,1084
2018,"LICC","Catania","Italy",37020,36549,83550,31207,37333
2018,"LIMC","Milan/ Malpensa","Italy",97231,96951,63078,69589,47155
2018,"LIME","Bergamo","Italy",44691,44710,39899,35081,22770
2018,"LIMF","Torino Caselle","Italy",21217,19031,12218,12944,4878
2018,"LIML","Milan/ Linate","Italy",56894,37614,6189,45349,9714
2018,"LIPE","Bologna","Italy",35713,33781,19122,25022,13181
2018,"LIPH","Treviso","Italy",10758,0,0,9519,4434
2018,"LIPZ","Venice","Italy",47618,47678,63155,36935,32734
2018,"LIRA","Rome/Ciampino","Italy",25843,17697,20199,16752,19129
2018,"LIRF","Rome/Fiumicino","Italy",153824,153810,240900,128769,162086
2018,"LIRN","Naples","Italy",39648,38889,30931,31371,30068
2018,"LIRP","Pisa San Giusto","Italy",22203,0,0,16317,26457
2018,"LJLJ","Ljubljana","Slovenia",15808,16847,454,2576,1343
2018,"LJMB","Maribor","Slovenia",1102,0,0,4,0
2018,"LJPZ","Portorož","Slovenia",795,0,0,0,0
2018,"LKKV","Karlovy Vary","Czech Republic",775,0,0,108,0
2018,"LKMT","Ostrava","Czech Republic",3619,0,0,1755,785
2018,"LKPR","Prague","Czech Republic",75489,75016,36216,57212,43058
2018,"LKTB","Brno-Turany","Czech Republic",5063,0,0,2045,378
2018,"LLBG","Ben Gurion International","Israel",78146,0,0,40791,41315
2018,"LMML","Malta","Malta",28420,31042,8760,19104,6154
2018,"LOWG","Graz","Austria",9551,0,0,6431,271
2018,"LOWI","Innsbruck","Austria",9648,0,0,4747,1578
2018,"LOWK","Klagenfurt","Austria",3561,0,0,1704,10
2018,"LOWL","Linz","Austria",6114,0,0,2453,49
2018,"LOWS","Salzburg","Austria",14532,0,0,7857,3420
2018,"LOWW","Vienna","Austria",128210,128150,208105,101899,70640
2018,"LPAZ","Santa Maria","Portugal",1414,0,0,2,0
2018,"LPCS","Cascais","Portugal",2481,0,0,10,95
2018,"LPFL","Flores","Portugal",846,0,0,0,0
2018,"LPFR","Faro","Portugal",29588,0,0,21916,5892
2018,"LPHR","Horta","Portugal",2282,0,0,0,0
2018,"LPMA","Madeira","Portugal",12179,0,0,8850,2688
2018,"LPPD","Ponta Delgada","Portugal",9937,0,0,2412,402
2018,"LPPR","Porto","Portugal",46844,46883,28403,38533,25875
2018,"LPPS","Porto Santo","Portugal",1475,0,0,760,164
2018,"LPPT","Lisbon","Portugal",108756,108855,470601,94765,410498
2018,"LQSA","Sarajevo","Bosnia & Herzegovina",6149,0,0,2614,472
2018,"LRBS","Bucharest/ Baneasa","Romania",2418,0,0,2,0
2018,"LROP","Bucharest/ Otopeni","Romania",61330,61388,21847,44893,12593
2018,"LSGG","Geneva","Switzerland",90125,90061,36342,65068,30386
2018,"LSGS","Sion","Switzerland",3260,0,0,17,12
2018,"LSZH","Zürich","Switzerland",135809,135718,148325,109578,133627
2018,"LTAC","Ankara/ Esenboga","Turkey",57194,0,0,41232,54900
2018,"LTAI","Antalya","Turkey",93058,0,0,23038,26984
2018,"LTBA","Istanbul/ Atatürk","Turkey",228087,0,0,173155,574337
2018,"LTBJ","Izmir/ Adnan Menderes","Turkey",42038,0,0,15822,18388
2018,"LTFJ","Istanbul/ Sabiha Gökçen","Turkey",112902,0,0,47522,97228
2018,"LUKK","Chi<U+0219>inau","Moldova",14005,0,0,4177,2044
2018,"LWSK","Skopje","North Macedonia",8929,0,0,6102,309
2018,"LYBE","Belgrade/ Nikola Tesla","Serbia",33219,0,0,8190,1345
2018,"LYPG","Podgorica","Montenegro",7061,0,0,2385,351
2018,"LZIB","Bratislava","Slovakia",11941,4935,532,6604,1405
2018,"UDYZ","Zvartnots","Armenia",11511,0,0,951,901
2018,"UGTB","Tbilisi","Georgia",18959,0,0,4214,5325
2018,"UKBB","Kiev/Boryspil","Ukraine",48626,0,0,8940,1237
2018,NA,"Albania","Albania",12758,0,0,4346,1579
2018,NA,"Armenia","Armenia",11511,0,0,951,901
2018,NA,"Austria","Austria",171616,128150,208105,125091,75968
2018,NA,"Belgium","Belgium",169861,142754,99445,115278,74305
2018,NA,"Bosnia & Herzegovina","Bosnia & Herzegovina",6149,0,0,2614,472
2018,NA,"Bulgaria","Bulgaria",29809,29431,4461,18815,4813
2018,NA,"Croatia","Croatia",21768,21423,2005,6795,1544
2018,NA,"Cyprus","Cyprus",41336,13748,4051,21851,7199
2018,NA,"Czech Republic","Czech Republic",84946,75016,36216,61120,44221
2018,NA,"Denmark","Denmark",133047,133026,18376,108306,16560
2018,NA,"Estonia","Estonia",23266,23537,469,15132,906
2018,NA,"Finland","Finland",96245,98670,37092,85614,37185
2018,NA,"France","France",927668,189985,69712,577187,255598
2018,NA,"Georgia","Georgia",18959,0,0,4214,5325
2018,NA,"Germany","Germany",1063669,710667,217834,812972,388750
2018,NA,"Greece","Greece",252129,62586,78443,149436,113176
2018,NA,"Hungary","Hungary",57264,57197,11644,46030,10250
2018,NA,"Ireland","Ireland",146983,116178,81450,106354,71707
2018,NA,"Israel","Israel",78146,0,0,40791,41315
2018,NA,"Italy","Italy",601954,526710,579241,467000,411023
2018,NA,"Latvia","Latvia",41725,41555,1881,34618,1817
2018,NA,"Lithuania","Lithuania",30872,0,0,21194,887
2018,NA,"Luxembourg","Luxembourg",37406,37302,3245,27025,4754
2018,NA,"Malta","Malta",28420,31042,8760,19104,6154
2018,NA,"Moldova","Moldova",14005,0,0,4177,2044
2018,NA,"Montenegro","Montenegro",7061,0,0,2385,351
2018,NA,"Morocco","Morocco",90634,0,0,26577,26433
2018,NA,"Netherlands","Netherlands",278462,0,0,200726,438042
2018,NA,"North Macedonia","North Macedonia",8929,0,0,6102,309
2018,NA,"Norway","Norway",368202,321757,25238,309469,25793
2018,NA,"Poland","Poland",214235,93764,32457,151726,45094
2018,NA,"Portugal","Portugal",215802,155738,499004,167248,445614
2018,NA,"Romania","Romania",63748,61388,21847,44895,12593
2018,NA,"Serbia","Serbia",33219,0,0,8190,1345
2018,NA,"SES","SES",7323513,4784160,3094250,5324039,3306064
2018,NA,"Slovakia","Slovakia",11941,4935,532,6604,1405
2018,NA,"Slovenia","Slovenia",17705,16847,454,2580,1343
2018,NA,"Spain","Spain",1036001,797592,494207,739580,532512
2018,NA,"Sweden","Sweden",185382,156594,10619,141388,11104
2018,NA,"Switzerland","Switzerland",229194,225779,184667,174663,164025
2018,NA,"Turkey","Turkey",533279,0,0,300769,771837
2018,NA,"Ukraine","Ukraine",48626,0,0,8940,1237
2018,NA,"United Kingdom","United Kingdom",1063044,552344,364676,801582,541581
